Product ID,Total_Purchases
P1005,2443783.989999996
P1004,2317656.7500000005
P1002,2528812.39
P1003,2537631.6400000043
P1001,2628661.02
